/*
SQLyog Ultimate v11.11 (64 bit)
MySQL - 5.7.19 : Database - danialapp
*********************************************************************
*/

/*!40101 SET NAMES utf8 */;

/*!40101 SET SQL_MODE=''*/;

/*!40014 SET @OLD_UNIQUE_CHECKS=@@UNIQUE_CHECKS, UNIQUE_CHECKS=0 */;
/*!40014 SET @OLD_FOREIGN_KEY_CHECKS=@@FOREIGN_KEY_CHECKS, FOREIGN_KEY_CHECKS=0 */;
/*!40101 SET @OLD_SQL_MODE=@@SQL_MODE, SQL_MODE='NO_AUTO_VALUE_ON_ZERO' */;
/*!40111 SET @OLD_SQL_NOTES=@@SQL_NOTES, SQL_NOTES=0 */;
CREATE DATABASE /*!32312 IF NOT EXISTS*/`danialapp` /*!40100 DEFAULT CHARACTER SET latin1 */;

USE `danialapp`;

/*Table structure for table `categories` */

DROP TABLE IF EXISTS `categories`;

CREATE TABLE `categories` (
  `id` int(10) unsigned NOT NULL AUTO_INCREMENT,
  `text` varchar(255) COLLATE utf8mb4_unicode_ci NOT NULL,
  `slug` varchar(255) COLLATE utf8mb4_unicode_ci NOT NULL,
  `icon` varchar(255) COLLATE utf8mb4_unicode_ci NOT NULL,
  `description` varchar(255) COLLATE utf8mb4_unicode_ci NOT NULL,
  `created_at` timestamp NULL DEFAULT NULL,
  `updated_at` timestamp NULL DEFAULT NULL,
  PRIMARY KEY (`id`)
) ENGINE=InnoDB AUTO_INCREMENT=25 DEFAULT CHARSET=utf8mb4 COLLATE=utf8mb4_unicode_ci;

/*Data for the table `categories` */

insert  into `categories`(`id`,`text`,`slug`,`icon`,`description`,`created_at`,`updated_at`) values (16,'First','sixteen','images/categories/7.jpg','test',NULL,NULL),(17,'First','seventeen','images/categories/14.jpg','test',NULL,NULL),(18,'First','eighteen','images/categories/14.jpg','test',NULL,NULL),(19,'First','ninteen','images/categories/14.jpg','test',NULL,NULL),(20,'First','twenty','images/categories/14.jpg','test',NULL,NULL),(21,'First','twenty1','images/categories/14.jpg','test',NULL,NULL),(22,'First','tewnt2','images/categories/14.jpg','test',NULL,NULL),(23,'First','twent3','images/categories/14.jpg','test',NULL,NULL),(24,'First','twent4','images/categories/14.jpg','test',NULL,NULL);

/*Table structure for table `items` */

DROP TABLE IF EXISTS `items`;

CREATE TABLE `items` (
  `id` int(10) unsigned NOT NULL AUTO_INCREMENT,
  `category_id` int(10) unsigned NOT NULL,
  `title` varchar(255) COLLATE utf8mb4_unicode_ci NOT NULL,
  `short_description` varchar(255) COLLATE utf8mb4_unicode_ci DEFAULT NULL,
  `description` text COLLATE utf8mb4_unicode_ci,
  `media_type` int(3) NOT NULL DEFAULT '1',
  `media` varchar(255) COLLATE utf8mb4_unicode_ci DEFAULT NULL,
  `created_at` timestamp NULL DEFAULT NULL,
  `updated_at` timestamp NULL DEFAULT NULL,
  PRIMARY KEY (`id`),
  KEY `items_category_id_foreign` (`category_id`),
  CONSTRAINT `items_category_id_foreign` FOREIGN KEY (`category_id`) REFERENCES `categories` (`id`) ON DELETE CASCADE ON UPDATE CASCADE
) ENGINE=InnoDB AUTO_INCREMENT=152 DEFAULT CHARSET=utf8mb4 COLLATE=utf8mb4_unicode_ci;

/*Data for the table `items` */

insert  into `items`(`id`,`category_id`,`title`,`short_description`,`description`,`media_type`,`media`,`created_at`,`updated_at`) values (21,16,'Test Item','Testing Items','Despite the growing frequency of corporate data breaches, ransomware, and internet-crippling DDOS attacks, white hats capable of mitigating the damage are in short supply. But with enough training, anyone can become an ethical hacker—after all, actual experience dealing with threats isn\'t something they usually teach in University Computer Science departments. This is good news for anyone looking for a new career in IT; you won\'t need to spend four years in college classes to make a nice living.',1,'items/1.jpg',NULL,NULL),(22,16,'Test Item','Testing Items','Despite the growing frequency of corporate data breaches, ransomware, and internet-crippling DDOS attacks, white hats capable of mitigating the damage are in short supply. But with enough training, anyone can become an ethical hacker—after all, actual experience dealing with threats isn\'t something they usually teach in University Computer Science departments. This is good news for anyone looking for a new career in IT; you won\'t need to spend four years in college classes to make a nice living.',1,'items/12.jpg',NULL,NULL),(23,16,'Test Item','Testing Items','Despite the growing frequency of corporate data breaches, ransomware, and internet-crippling DDOS attacks, white hats capable of mitigating the damage are in short supply. But with enough training, anyone can become an ethical hacker—after all, actual experience dealing with threats isn\'t something they usually teach in University Computer Science departments. This is good news for anyone looking for a new career in IT; you won\'t need to spend four years in college classes to make a nice living.',1,'items/13.jpg',NULL,NULL),(24,16,'Test Item','Testing Items','Despite the growing frequency of corporate data breaches, ransomware, and internet-crippling DDOS attacks, white hats capable of mitigating the damage are in short supply. But with enough training, anyone can become an ethical hacker—after all, actual experience dealing with threats isn\'t something they usually teach in University Computer Science departments. This is good news for anyone looking for a new career in IT; you won\'t need to spend four years in college classes to make a nice living.',1,'items/14.jpg',NULL,NULL),(25,16,'Test Item','Testing Items','Despite the growing frequency of corporate data breaches, ransomware, and internet-crippling DDOS attacks, white hats capable of mitigating the damage are in short supply. But with enough training, anyone can become an ethical hacker—after all, actual experience dealing with threats isn\'t something they usually teach in University Computer Science departments. This is good news for anyone looking for a new career in IT; you won\'t need to spend four years in college classes to make a nice living.',1,'items/15.jpg',NULL,NULL),(26,16,'Test Item','Testing Items','Despite the growing frequency of corporate data breaches, ransomware, and internet-crippling DDOS attacks, white hats capable of mitigating the damage are in short supply. But with enough training, anyone can become an ethical hacker—after all, actual experience dealing with threats isn\'t something they usually teach in University Computer Science departments. This is good news for anyone looking for a new career in IT; you won\'t need to spend four years in college classes to make a nice living.',1,'items/16.jpg',NULL,NULL),(27,17,'Test Item','Testing Items','Despite the growing frequency of corporate data breaches, ransomware, and internet-crippling DDOS attacks, white hats capable of mitigating the damage are in short supply. But with enough training, anyone can become an ethical hacker—after all, actual experience dealing with threats isn\'t something they usually teach in University Computer Science departments. This is good news for anyone looking for a new career in IT; you won\'t need to spend four years in college classes to make a nice living.',1,'items/17.jpg',NULL,NULL),(28,17,'Test Item','Testing Items','Despite the growing frequency of corporate data breaches, ransomware, and internet-crippling DDOS attacks, white hats capable of mitigating the damage are in short supply. But with enough training, anyone can become an ethical hacker—after all, actual experience dealing with threats isn\'t something they usually teach in University Computer Science departments. This is good news for anyone looking for a new career in IT; you won\'t need to spend four years in college classes to make a nice living.',1,'items/18.jpg',NULL,NULL),(29,17,'Test Item','Testing Items','Despite the growing frequency of corporate data breaches, ransomware, and internet-crippling DDOS attacks, white hats capable of mitigating the damage are in short supply. But with enough training, anyone can become an ethical hacker—after all, actual experience dealing with threats isn\'t something they usually teach in University Computer Science departments. This is good news for anyone looking for a new career in IT; you won\'t need to spend four years in college classes to make a nice living.',1,'items/19.jpg',NULL,NULL),(30,17,'Test Item','Testing Items','Despite the growing frequency of corporate data breaches, ransomware, and internet-crippling DDOS attacks, white hats capable of mitigating the damage are in short supply. But with enough training, anyone can become an ethical hacker—after all, actual experience dealing with threats isn\'t something they usually teach in University Computer Science departments. This is good news for anyone looking for a new career in IT; you won\'t need to spend four years in college classes to make a nice living.',1,'items/2.jpg',NULL,NULL),(31,17,'Test Item','Testing Items','Despite the growing frequency of corporate data breaches, ransomware, and internet-crippling DDOS attacks, white hats capable of mitigating the damage are in short supply. But with enough training, anyone can become an ethical hacker—after all, actual experience dealing with threats isn\'t something they usually teach in University Computer Science departments. This is good news for anyone looking for a new career in IT; you won\'t need to spend four years in college classes to make a nice living.',1,'items/3.jpg',NULL,NULL),(32,17,'Test Item','Testing Items','Despite the growing frequency of corporate data breaches, ransomware, and internet-crippling DDOS attacks, white hats capable of mitigating the damage are in short supply. But with enough training, anyone can become an ethical hacker—after all, actual experience dealing with threats isn\'t something they usually teach in University Computer Science departments. This is good news for anyone looking for a new career in IT; you won\'t need to spend four years in college classes to make a nice living.',1,'items/21.jpg',NULL,NULL),(33,17,'Test Item','Testing Items','Despite the growing frequency of corporate data breaches, ransomware, and internet-crippling DDOS attacks, white hats capable of mitigating the damage are in short supply. But with enough training, anyone can become an ethical hacker—after all, actual experience dealing with threats isn\'t something they usually teach in University Computer Science departments. This is good news for anyone looking for a new career in IT; you won\'t need to spend four years in college classes to make a nice living.',1,'items/4.jpg',NULL,NULL),(34,17,'Test Item','Testing Items','Despite the growing frequency of corporate data breaches, ransomware, and internet-crippling DDOS attacks, white hats capable of mitigating the damage are in short supply. But with enough training, anyone can become an ethical hacker—after all, actual experience dealing with threats isn\'t something they usually teach in University Computer Science departments. This is good news for anyone looking for a new career in IT; you won\'t need to spend four years in college classes to make a nice living.',1,'items/5.jpg',NULL,NULL),(35,17,'Test Item','Testing Items','Despite the growing frequency of corporate data breaches, ransomware, and internet-crippling DDOS attacks, white hats capable of mitigating the damage are in short supply. But with enough training, anyone can become an ethical hacker—after all, actual experience dealing with threats isn\'t something they usually teach in University Computer Science departments. This is good news for anyone looking for a new career in IT; you won\'t need to spend four years in college classes to make a nice living.',1,'items/6.jpg',NULL,NULL),(36,17,'Test Item','Testing Items','Despite the growing frequency of corporate data breaches, ransomware, and internet-crippling DDOS attacks, white hats capable of mitigating the damage are in short supply. But with enough training, anyone can become an ethical hacker—after all, actual experience dealing with threats isn\'t something they usually teach in University Computer Science departments. This is good news for anyone looking for a new career in IT; you won\'t need to spend four years in college classes to make a nice living.',1,'items/7.jpg',NULL,NULL),(37,17,'Test Item','Testing Items','Despite the growing frequency of corporate data breaches, ransomware, and internet-crippling DDOS attacks, white hats capable of mitigating the damage are in short supply. But with enough training, anyone can become an ethical hacker—after all, actual experience dealing with threats isn\'t something they usually teach in University Computer Science departments. This is good news for anyone looking for a new career in IT; you won\'t need to spend four years in college classes to make a nice living.',1,'items/8.jpg',NULL,NULL),(38,17,'Test Item','Testing Items','Despite the growing frequency of corporate data breaches, ransomware, and internet-crippling DDOS attacks, white hats capable of mitigating the damage are in short supply. But with enough training, anyone can become an ethical hacker—after all, actual experience dealing with threats isn\'t something they usually teach in University Computer Science departments. This is good news for anyone looking for a new career in IT; you won\'t need to spend four years in college classes to make a nice living.',1,'items/9.jpg',NULL,NULL),(39,17,'Test Item','Testing Items','Despite the growing frequency of corporate data breaches, ransomware, and internet-crippling DDOS attacks, white hats capable of mitigating the damage are in short supply. But with enough training, anyone can become an ethical hacker—after all, actual experience dealing with threats isn\'t something they usually teach in University Computer Science departments. This is good news for anyone looking for a new career in IT; you won\'t need to spend four years in college classes to make a nice living.',1,'items/10.jpg',NULL,NULL),(40,17,'Test Item','Testing Items','Despite the growing frequency of corporate data breaches, ransomware, and internet-crippling DDOS attacks, white hats capable of mitigating the damage are in short supply. But with enough training, anyone can become an ethical hacker—after all, actual experience dealing with threats isn\'t something they usually teach in University Computer Science departments. This is good news for anyone looking for a new career in IT; you won\'t need to spend four years in college classes to make a nice living.',1,'items/22.jpg',NULL,NULL),(41,17,'Test Item','Testing Items','Despite the growing frequency of corporate data breaches, ransomware, and internet-crippling DDOS attacks, white hats capable of mitigating the damage are in short supply. But with enough training, anyone can become an ethical hacker—after all, actual experience dealing with threats isn\'t something they usually teach in University Computer Science departments. This is good news for anyone looking for a new career in IT; you won\'t need to spend four years in college classes to make a nice living.',1,'items/23.jpg',NULL,NULL),(42,17,'Test Item','Testing Items','Despite the growing frequency of corporate data breaches, ransomware, and internet-crippling DDOS attacks, white hats capable of mitigating the damage are in short supply. But with enough training, anyone can become an ethical hacker—after all, actual experience dealing with threats isn\'t something they usually teach in University Computer Science departments. This is good news for anyone looking for a new career in IT; you won\'t need to spend four years in college classes to make a nice living.',1,'items/24.jpg',NULL,NULL),(43,17,'Test Item','Testing Items','Despite the growing frequency of corporate data breaches, ransomware, and internet-crippling DDOS attacks, white hats capable of mitigating the damage are in short supply. But with enough training, anyone can become an ethical hacker—after all, actual experience dealing with threats isn\'t something they usually teach in University Computer Science departments. This is good news for anyone looking for a new career in IT; you won\'t need to spend four years in college classes to make a nice living.',1,'items/25.jpg',NULL,NULL),(44,17,'Test Item','Testing Items','Despite the growing frequency of corporate data breaches, ransomware, and internet-crippling DDOS attacks, white hats capable of mitigating the damage are in short supply. But with enough training, anyone can become an ethical hacker—after all, actual experience dealing with threats isn\'t something they usually teach in University Computer Science departments. This is good news for anyone looking for a new career in IT; you won\'t need to spend four years in college classes to make a nice living.',1,'items/26.jpg',NULL,NULL),(45,17,'Test Item','Testing Items','Despite the growing frequency of corporate data breaches, ransomware, and internet-crippling DDOS attacks, white hats capable of mitigating the damage are in short supply. But with enough training, anyone can become an ethical hacker—after all, actual experience dealing with threats isn\'t something they usually teach in University Computer Science departments. This is good news for anyone looking for a new career in IT; you won\'t need to spend four years in college classes to make a nice living.',1,'items/20.jpg',NULL,NULL),(46,17,'Test Item','Testing Items','Despite the growing frequency of corporate data breaches, ransomware, and internet-crippling DDOS attacks, white hats capable of mitigating the damage are in short supply. But with enough training, anyone can become an ethical hacker—after all, actual experience dealing with threats isn\'t something they usually teach in University Computer Science departments. This is good news for anyone looking for a new career in IT; you won\'t need to spend four years in college classes to make a nice living.',1,'items/1.jpg',NULL,NULL),(47,17,'Test Item','Testing Items','Despite the growing frequency of corporate data breaches, ransomware, and internet-crippling DDOS attacks, white hats capable of mitigating the damage are in short supply. But with enough training, anyone can become an ethical hacker—after all, actual experience dealing with threats isn\'t something they usually teach in University Computer Science departments. This is good news for anyone looking for a new career in IT; you won\'t need to spend four years in college classes to make a nice living.',1,'items/11.jpg',NULL,NULL),(48,17,'Test Item','Testing Items','Despite the growing frequency of corporate data breaches, ransomware, and internet-crippling DDOS attacks, white hats capable of mitigating the damage are in short supply. But with enough training, anyone can become an ethical hacker—after all, actual experience dealing with threats isn\'t something they usually teach in University Computer Science departments. This is good news for anyone looking for a new career in IT; you won\'t need to spend four years in college classes to make a nice living.',1,'items/12.jpg',NULL,NULL),(49,17,'Test Item','Testing Items','Despite the growing frequency of corporate data breaches, ransomware, and internet-crippling DDOS attacks, white hats capable of mitigating the damage are in short supply. But with enough training, anyone can become an ethical hacker—after all, actual experience dealing with threats isn\'t something they usually teach in University Computer Science departments. This is good news for anyone looking for a new career in IT; you won\'t need to spend four years in college classes to make a nice living.',1,'items/13.jpg',NULL,NULL),(50,17,'Test Item','Testing Items','Despite the growing frequency of corporate data breaches, ransomware, and internet-crippling DDOS attacks, white hats capable of mitigating the damage are in short supply. But with enough training, anyone can become an ethical hacker—after all, actual experience dealing with threats isn\'t something they usually teach in University Computer Science departments. This is good news for anyone looking for a new career in IT; you won\'t need to spend four years in college classes to make a nice living.',1,'items/14.jpg',NULL,NULL),(51,18,'Test Item','Testing Items','Despite the growing frequency of corporate data breaches, ransomware, and internet-crippling DDOS attacks, white hats capable of mitigating the damage are in short supply. But with enough training, anyone can become an ethical hacker—after all, actual experience dealing with threats isn\'t something they usually teach in University Computer Science departments. This is good news for anyone looking for a new career in IT; you won\'t need to spend four years in college classes to make a nice living.',1,'items/15.jpg',NULL,NULL),(52,18,'Test Item','Testing Items','Despite the growing frequency of corporate data breaches, ransomware, and internet-crippling DDOS attacks, white hats capable of mitigating the damage are in short supply. But with enough training, anyone can become an ethical hacker—after all, actual experience dealing with threats isn\'t something they usually teach in University Computer Science departments. This is good news for anyone looking for a new career in IT; you won\'t need to spend four years in college classes to make a nice living.',1,'items/16.jpg',NULL,NULL),(53,18,'Test Item','Testing Items','Despite the growing frequency of corporate data breaches, ransomware, and internet-crippling DDOS attacks, white hats capable of mitigating the damage are in short supply. But with enough training, anyone can become an ethical hacker—after all, actual experience dealing with threats isn\'t something they usually teach in University Computer Science departments. This is good news for anyone looking for a new career in IT; you won\'t need to spend four years in college classes to make a nice living.',1,'items/17.jpg',NULL,NULL),(54,18,'Test Item','Testing Items','Despite the growing frequency of corporate data breaches, ransomware, and internet-crippling DDOS attacks, white hats capable of mitigating the damage are in short supply. But with enough training, anyone can become an ethical hacker—after all, actual experience dealing with threats isn\'t something they usually teach in University Computer Science departments. This is good news for anyone looking for a new career in IT; you won\'t need to spend four years in college classes to make a nice living.',1,'items/18.jpg',NULL,NULL),(55,18,'Test Item','Testing Items','Despite the growing frequency of corporate data breaches, ransomware, and internet-crippling DDOS attacks, white hats capable of mitigating the damage are in short supply. But with enough training, anyone can become an ethical hacker—after all, actual experience dealing with threats isn\'t something they usually teach in University Computer Science departments. This is good news for anyone looking for a new career in IT; you won\'t need to spend four years in college classes to make a nice living.',1,'items/19.jpg',NULL,NULL),(56,18,'Test Item','Testing Items','Despite the growing frequency of corporate data breaches, ransomware, and internet-crippling DDOS attacks, white hats capable of mitigating the damage are in short supply. But with enough training, anyone can become an ethical hacker—after all, actual experience dealing with threats isn\'t something they usually teach in University Computer Science departments. This is good news for anyone looking for a new career in IT; you won\'t need to spend four years in college classes to make a nice living.',1,'items/10.jpg',NULL,NULL),(57,18,'Test Item','Testing Items','Despite the growing frequency of corporate data breaches, ransomware, and internet-crippling DDOS attacks, white hats capable of mitigating the damage are in short supply. But with enough training, anyone can become an ethical hacker—after all, actual experience dealing with threats isn\'t something they usually teach in University Computer Science departments. This is good news for anyone looking for a new career in IT; you won\'t need to spend four years in college classes to make a nice living.',1,'items/21.jpg',NULL,NULL),(58,18,'Test Item','Testing Items','Despite the growing frequency of corporate data breaches, ransomware, and internet-crippling DDOS attacks, white hats capable of mitigating the damage are in short supply. But with enough training, anyone can become an ethical hacker—after all, actual experience dealing with threats isn\'t something they usually teach in University Computer Science departments. This is good news for anyone looking for a new career in IT; you won\'t need to spend four years in college classes to make a nice living.',1,'items/20.jpg',NULL,NULL),(59,18,'Test Item','Testing Items','Despite the growing frequency of corporate data breaches, ransomware, and internet-crippling DDOS attacks, white hats capable of mitigating the damage are in short supply. But with enough training, anyone can become an ethical hacker—after all, actual experience dealing with threats isn\'t something they usually teach in University Computer Science departments. This is good news for anyone looking for a new career in IT; you won\'t need to spend four years in college classes to make a nice living.',1,'items/2.jpg',NULL,NULL),(60,18,'Test Item','Testing Items','Despite the growing frequency of corporate data breaches, ransomware, and internet-crippling DDOS attacks, white hats capable of mitigating the damage are in short supply. But with enough training, anyone can become an ethical hacker—after all, actual experience dealing with threats isn\'t something they usually teach in University Computer Science departments. This is good news for anyone looking for a new career in IT; you won\'t need to spend four years in college classes to make a nice living.',1,'items/3.jpg',NULL,NULL),(61,18,'Test Item','Testing Items','Despite the growing frequency of corporate data breaches, ransomware, and internet-crippling DDOS attacks, white hats capable of mitigating the damage are in short supply. But with enough training, anyone can become an ethical hacker—after all, actual experience dealing with threats isn\'t something they usually teach in University Computer Science departments. This is good news for anyone looking for a new career in IT; you won\'t need to spend four years in college classes to make a nice living.',1,'items/4.jpg',NULL,NULL),(62,18,'Test Item','Testing Items','Despite the growing frequency of corporate data breaches, ransomware, and internet-crippling DDOS attacks, white hats capable of mitigating the damage are in short supply. But with enough training, anyone can become an ethical hacker—after all, actual experience dealing with threats isn\'t something they usually teach in University Computer Science departments. This is good news for anyone looking for a new career in IT; you won\'t need to spend four years in college classes to make a nice living.',1,'items/5.jpg',NULL,NULL),(63,18,'Test Item','Testing Items','Despite the growing frequency of corporate data breaches, ransomware, and internet-crippling DDOS attacks, white hats capable of mitigating the damage are in short supply. But with enough training, anyone can become an ethical hacker—after all, actual experience dealing with threats isn\'t something they usually teach in University Computer Science departments. This is good news for anyone looking for a new career in IT; you won\'t need to spend four years in college classes to make a nice living.',1,'items/6.jpg',NULL,NULL),(64,18,'Test Item','Testing Items','Despite the growing frequency of corporate data breaches, ransomware, and internet-crippling DDOS attacks, white hats capable of mitigating the damage are in short supply. But with enough training, anyone can become an ethical hacker—after all, actual experience dealing with threats isn\'t something they usually teach in University Computer Science departments. This is good news for anyone looking for a new career in IT; you won\'t need to spend four years in college classes to make a nice living.',1,'items/7.jpg',NULL,NULL),(65,18,'Test Item','Testing Items','Despite the growing frequency of corporate data breaches, ransomware, and internet-crippling DDOS attacks, white hats capable of mitigating the damage are in short supply. But with enough training, anyone can become an ethical hacker—after all, actual experience dealing with threats isn\'t something they usually teach in University Computer Science departments. This is good news for anyone looking for a new career in IT; you won\'t need to spend four years in college classes to make a nice living.',1,'items/8.jpg',NULL,NULL),(66,18,'Test Item','Testing Items','Despite the growing frequency of corporate data breaches, ransomware, and internet-crippling DDOS attacks, white hats capable of mitigating the damage are in short supply. But with enough training, anyone can become an ethical hacker—after all, actual experience dealing with threats isn\'t something they usually teach in University Computer Science departments. This is good news for anyone looking for a new career in IT; you won\'t need to spend four years in college classes to make a nice living.',1,'items/9.jpg',NULL,NULL),(67,18,'Test Item','Testing Items','Despite the growing frequency of corporate data breaches, ransomware, and internet-crippling DDOS attacks, white hats capable of mitigating the damage are in short supply. But with enough training, anyone can become an ethical hacker—after all, actual experience dealing with threats isn\'t something they usually teach in University Computer Science departments. This is good news for anyone looking for a new career in IT; you won\'t need to spend four years in college classes to make a nice living.',1,'items/22.jpg',NULL,NULL),(68,18,'Test Item','Testing Items','Despite the growing frequency of corporate data breaches, ransomware, and internet-crippling DDOS attacks, white hats capable of mitigating the damage are in short supply. But with enough training, anyone can become an ethical hacker—after all, actual experience dealing with threats isn\'t something they usually teach in University Computer Science departments. This is good news for anyone looking for a new career in IT; you won\'t need to spend four years in college classes to make a nice living.',1,'items/23.jpg',NULL,NULL),(69,18,'Test Item','Testing Items','Despite the growing frequency of corporate data breaches, ransomware, and internet-crippling DDOS attacks, white hats capable of mitigating the damage are in short supply. But with enough training, anyone can become an ethical hacker—after all, actual experience dealing with threats isn\'t something they usually teach in University Computer Science departments. This is good news for anyone looking for a new career in IT; you won\'t need to spend four years in college classes to make a nice living.',1,'items/24.jpg',NULL,NULL),(70,18,'Test Item','Testing Items','Despite the growing frequency of corporate data breaches, ransomware, and internet-crippling DDOS attacks, white hats capable of mitigating the damage are in short supply. But with enough training, anyone can become an ethical hacker—after all, actual experience dealing with threats isn\'t something they usually teach in University Computer Science departments. This is good news for anyone looking for a new career in IT; you won\'t need to spend four years in college classes to make a nice living.',1,'items/25.jpg',NULL,NULL),(71,18,'Test Item','Testing Items','Despite the growing frequency of corporate data breaches, ransomware, and internet-crippling DDOS attacks, white hats capable of mitigating the damage are in short supply. But with enough training, anyone can become an ethical hacker—after all, actual experience dealing with threats isn\'t something they usually teach in University Computer Science departments. This is good news for anyone looking for a new career in IT; you won\'t need to spend four years in college classes to make a nice living.',1,'items/26.jpg',NULL,NULL),(72,18,'Test Item','Testing Items','Despite the growing frequency of corporate data breaches, ransomware, and internet-crippling DDOS attacks, white hats capable of mitigating the damage are in short supply. But with enough training, anyone can become an ethical hacker—after all, actual experience dealing with threats isn\'t something they usually teach in University Computer Science departments. This is good news for anyone looking for a new career in IT; you won\'t need to spend four years in college classes to make a nice living.',1,'items/1.jpg',NULL,NULL),(73,18,'Test Item','Testing Items','Despite the growing frequency of corporate data breaches, ransomware, and internet-crippling DDOS attacks, white hats capable of mitigating the damage are in short supply. But with enough training, anyone can become an ethical hacker—after all, actual experience dealing with threats isn\'t something they usually teach in University Computer Science departments. This is good news for anyone looking for a new career in IT; you won\'t need to spend four years in college classes to make a nice living.',1,'items/1.jpg',NULL,NULL),(74,18,'Test Item','Testing Items','Despite the growing frequency of corporate data breaches, ransomware, and internet-crippling DDOS attacks, white hats capable of mitigating the damage are in short supply. But with enough training, anyone can become an ethical hacker—after all, actual experience dealing with threats isn\'t something they usually teach in University Computer Science departments. This is good news for anyone looking for a new career in IT; you won\'t need to spend four years in college classes to make a nice living.',1,'items/1.jpg',NULL,NULL),(75,18,'Test Item','Testing Items','Despite the growing frequency of corporate data breaches, ransomware, and internet-crippling DDOS attacks, white hats capable of mitigating the damage are in short supply. But with enough training, anyone can become an ethical hacker—after all, actual experience dealing with threats isn\'t something they usually teach in University Computer Science departments. This is good news for anyone looking for a new career in IT; you won\'t need to spend four years in college classes to make a nice living.',1,'items/1.jpg',NULL,NULL),(76,18,'Test Item','Testing Items','Despite the growing frequency of corporate data breaches, ransomware, and internet-crippling DDOS attacks, white hats capable of mitigating the damage are in short supply. But with enough training, anyone can become an ethical hacker—after all, actual experience dealing with threats isn\'t something they usually teach in University Computer Science departments. This is good news for anyone looking for a new career in IT; you won\'t need to spend four years in college classes to make a nice living.',1,'items/1.jpg',NULL,NULL),(77,18,'Test Item','Testing Items','Despite the growing frequency of corporate data breaches, ransomware, and internet-crippling DDOS attacks, white hats capable of mitigating the damage are in short supply. But with enough training, anyone can become an ethical hacker—after all, actual experience dealing with threats isn\'t something they usually teach in University Computer Science departments. This is good news for anyone looking for a new career in IT; you won\'t need to spend four years in college classes to make a nice living.',1,'items/1.jpg',NULL,NULL),(78,18,'Test Item','Testing Items','Despite the growing frequency of corporate data breaches, ransomware, and internet-crippling DDOS attacks, white hats capable of mitigating the damage are in short supply. But with enough training, anyone can become an ethical hacker—after all, actual experience dealing with threats isn\'t something they usually teach in University Computer Science departments. This is good news for anyone looking for a new career in IT; you won\'t need to spend four years in college classes to make a nice living.',1,'items/1.jpg',NULL,NULL),(79,18,'Test Item','Testing Items','Despite the growing frequency of corporate data breaches, ransomware, and internet-crippling DDOS attacks, white hats capable of mitigating the damage are in short supply. But with enough training, anyone can become an ethical hacker—after all, actual experience dealing with threats isn\'t something they usually teach in University Computer Science departments. This is good news for anyone looking for a new career in IT; you won\'t need to spend four years in college classes to make a nice living.',1,'items/1.jpg',NULL,NULL),(80,18,'Test Item','Testing Items','Despite the growing frequency of corporate data breaches, ransomware, and internet-crippling DDOS attacks, white hats capable of mitigating the damage are in short supply. But with enough training, anyone can become an ethical hacker—after all, actual experience dealing with threats isn\'t something they usually teach in University Computer Science departments. This is good news for anyone looking for a new career in IT; you won\'t need to spend four years in college classes to make a nice living.',1,'items/1.jpg',NULL,NULL),(81,19,'Test Item','Testing Items','Despite the growing frequency of corporate data breaches, ransomware, and internet-crippling DDOS attacks, white hats capable of mitigating the damage are in short supply. But with enough training, anyone can become an ethical hacker—after all, actual experience dealing with threats isn\'t something they usually teach in University Computer Science departments. This is good news for anyone looking for a new career in IT; you won\'t need to spend four years in college classes to make a nice living.',1,'items/1.jpg',NULL,NULL),(82,19,'Test Item','Testing Items','Despite the growing frequency of corporate data breaches, ransomware, and internet-crippling DDOS attacks, white hats capable of mitigating the damage are in short supply. But with enough training, anyone can become an ethical hacker—after all, actual experience dealing with threats isn\'t something they usually teach in University Computer Science departments. This is good news for anyone looking for a new career in IT; you won\'t need to spend four years in college classes to make a nice living.',1,'items/1.jpg',NULL,NULL),(83,19,'Test Item','Testing Items','Despite the growing frequency of corporate data breaches, ransomware, and internet-crippling DDOS attacks, white hats capable of mitigating the damage are in short supply. But with enough training, anyone can become an ethical hacker—after all, actual experience dealing with threats isn\'t something they usually teach in University Computer Science departments. This is good news for anyone looking for a new career in IT; you won\'t need to spend four years in college classes to make a nice living.',1,'items/1.jpg',NULL,NULL),(84,19,'Test Item','Testing Items','Despite the growing frequency of corporate data breaches, ransomware, and internet-crippling DDOS attacks, white hats capable of mitigating the damage are in short supply. But with enough training, anyone can become an ethical hacker—after all, actual experience dealing with threats isn\'t something they usually teach in University Computer Science departments. This is good news for anyone looking for a new career in IT; you won\'t need to spend four years in college classes to make a nice living.',1,'items/1.jpg',NULL,NULL),(85,19,'Test Item','Testing Items','Despite the growing frequency of corporate data breaches, ransomware, and internet-crippling DDOS attacks, white hats capable of mitigating the damage are in short supply. But with enough training, anyone can become an ethical hacker—after all, actual experience dealing with threats isn\'t something they usually teach in University Computer Science departments. This is good news for anyone looking for a new career in IT; you won\'t need to spend four years in college classes to make a nice living.',1,'items/1.jpg',NULL,NULL),(86,19,'Test Item','Testing Items','Despite the growing frequency of corporate data breaches, ransomware, and internet-crippling DDOS attacks, white hats capable of mitigating the damage are in short supply. But with enough training, anyone can become an ethical hacker—after all, actual experience dealing with threats isn\'t something they usually teach in University Computer Science departments. This is good news for anyone looking for a new career in IT; you won\'t need to spend four years in college classes to make a nice living.',1,'items/1.jpg',NULL,NULL),(87,19,'Test Item','Testing Items','Despite the growing frequency of corporate data breaches, ransomware, and internet-crippling DDOS attacks, white hats capable of mitigating the damage are in short supply. But with enough training, anyone can become an ethical hacker—after all, actual experience dealing with threats isn\'t something they usually teach in University Computer Science departments. This is good news for anyone looking for a new career in IT; you won\'t need to spend four years in college classes to make a nice living.',1,'items/1.jpg',NULL,NULL),(88,19,'Test Item','Testing Items','Despite the growing frequency of corporate data breaches, ransomware, and internet-crippling DDOS attacks, white hats capable of mitigating the damage are in short supply. But with enough training, anyone can become an ethical hacker—after all, actual experience dealing with threats isn\'t something they usually teach in University Computer Science departments. This is good news for anyone looking for a new career in IT; you won\'t need to spend four years in college classes to make a nice living.',1,'items/1.jpg',NULL,NULL),(89,19,'Test Item','Testing Items','Despite the growing frequency of corporate data breaches, ransomware, and internet-crippling DDOS attacks, white hats capable of mitigating the damage are in short supply. But with enough training, anyone can become an ethical hacker—after all, actual experience dealing with threats isn\'t something they usually teach in University Computer Science departments. This is good news for anyone looking for a new career in IT; you won\'t need to spend four years in college classes to make a nice living.',1,'items/1.jpg',NULL,NULL),(90,19,'Test Item','Testing Items','Despite the growing frequency of corporate data breaches, ransomware, and internet-crippling DDOS attacks, white hats capable of mitigating the damage are in short supply. But with enough training, anyone can become an ethical hacker—after all, actual experience dealing with threats isn\'t something they usually teach in University Computer Science departments. This is good news for anyone looking for a new career in IT; you won\'t need to spend four years in college classes to make a nice living.',1,'items/1.jpg',NULL,NULL),(91,19,'Test Item','Testing Items','Despite the growing frequency of corporate data breaches, ransomware, and internet-crippling DDOS attacks, white hats capable of mitigating the damage are in short supply. But with enough training, anyone can become an ethical hacker—after all, actual experience dealing with threats isn\'t something they usually teach in University Computer Science departments. This is good news for anyone looking for a new career in IT; you won\'t need to spend four years in college classes to make a nice living.',1,'items/1.jpg',NULL,NULL),(92,16,'Test Item','Testing Items','Despite the growing frequency of corporate data breaches, ransomware, and internet-crippling DDOS attacks, white hats capable of mitigating the damage are in short supply. But with enough training, anyone can become an ethical hacker—after all, actual experience dealing with threats isn\'t something they usually teach in University Computer Science departments. This is good news for anyone looking for a new career in IT; you won\'t need to spend four years in college classes to make a nice living.',1,'items/1.jpg',NULL,NULL),(93,16,'Test Item','Testing Items','Despite the growing frequency of corporate data breaches, ransomware, and internet-crippling DDOS attacks, white hats capable of mitigating the damage are in short supply. But with enough training, anyone can become an ethical hacker—after all, actual experience dealing with threats isn\'t something they usually teach in University Computer Science departments. This is good news for anyone looking for a new career in IT; you won\'t need to spend four years in college classes to make a nice living.',1,'items/1.jpg',NULL,NULL),(94,16,'Test Item','Testing Items','Despite the growing frequency of corporate data breaches, ransomware, and internet-crippling DDOS attacks, white hats capable of mitigating the damage are in short supply. But with enough training, anyone can become an ethical hacker—after all, actual experience dealing with threats isn\'t something they usually teach in University Computer Science departments. This is good news for anyone looking for a new career in IT; you won\'t need to spend four years in college classes to make a nice living.',1,'items/1.jpg',NULL,NULL),(95,16,'Test Item','Testing Items','Despite the growing frequency of corporate data breaches, ransomware, and internet-crippling DDOS attacks, white hats capable of mitigating the damage are in short supply. But with enough training, anyone can become an ethical hacker—after all, actual experience dealing with threats isn\'t something they usually teach in University Computer Science departments. This is good news for anyone looking for a new career in IT; you won\'t need to spend four years in college classes to make a nice living.',1,'items/1.jpg',NULL,NULL),(96,16,'Test Item','Testing Items','Despite the growing frequency of corporate data breaches, ransomware, and internet-crippling DDOS attacks, white hats capable of mitigating the damage are in short supply. But with enough training, anyone can become an ethical hacker—after all, actual experience dealing with threats isn\'t something they usually teach in University Computer Science departments. This is good news for anyone looking for a new career in IT; you won\'t need to spend four years in college classes to make a nice living.',1,'items/1.jpg',NULL,NULL),(97,16,'Test Item','Testing Items','Despite the growing frequency of corporate data breaches, ransomware, and internet-crippling DDOS attacks, white hats capable of mitigating the damage are in short supply. But with enough training, anyone can become an ethical hacker—after all, actual experience dealing with threats isn\'t something they usually teach in University Computer Science departments. This is good news for anyone looking for a new career in IT; you won\'t need to spend four years in college classes to make a nice living.',1,'items/1.jpg',NULL,NULL),(98,16,'Test Item','Testing Items','Despite the growing frequency of corporate data breaches, ransomware, and internet-crippling DDOS attacks, white hats capable of mitigating the damage are in short supply. But with enough training, anyone can become an ethical hacker—after all, actual experience dealing with threats isn\'t something they usually teach in University Computer Science departments. This is good news for anyone looking for a new career in IT; you won\'t need to spend four years in college classes to make a nice living.',1,'items/1.jpg',NULL,NULL),(99,16,'Test Item','Testing Items','Despite the growing frequency of corporate data breaches, ransomware, and internet-crippling DDOS attacks, white hats capable of mitigating the damage are in short supply. But with enough training, anyone can become an ethical hacker—after all, actual experience dealing with threats isn\'t something they usually teach in University Computer Science departments. This is good news for anyone looking for a new career in IT; you won\'t need to spend four years in college classes to make a nice living.',1,'items/1.jpg',NULL,NULL),(100,16,'Test Item','Testing Items','Despite the growing frequency of corporate data breaches, ransomware, and internet-crippling DDOS attacks, white hats capable of mitigating the damage are in short supply. But with enough training, anyone can become an ethical hacker—after all, actual experience dealing with threats isn\'t something they usually teach in University Computer Science departments. This is good news for anyone looking for a new career in IT; you won\'t need to spend four years in college classes to make a nice living.',1,'items/1.jpg',NULL,NULL),(101,20,'Test Item','Testing Items','Despite the growing frequency of corporate data breaches, ransomware, and internet-crippling DDOS attacks, white hats capable of mitigating the damage are in short supply. But with enough training, anyone can become an ethical hacker—after all, actual experience dealing with threats isn\'t something they usually teach in University Computer Science departments. This is good news for anyone looking for a new career in IT; you won\'t need to spend four years in college classes to make a nice living.',1,'items/1.jpg',NULL,NULL),(102,20,'Test Item','Testing Items','Despite the growing frequency of corporate data breaches, ransomware, and internet-crippling DDOS attacks, white hats capable of mitigating the damage are in short supply. But with enough training, anyone can become an ethical hacker—after all, actual experience dealing with threats isn\'t something they usually teach in University Computer Science departments. This is good news for anyone looking for a new career in IT; you won\'t need to spend four years in college classes to make a nice living.',1,'items/1.jpg',NULL,NULL),(103,20,'Test Item','Testing Items','Despite the growing frequency of corporate data breaches, ransomware, and internet-crippling DDOS attacks, white hats capable of mitigating the damage are in short supply. But with enough training, anyone can become an ethical hacker—after all, actual experience dealing with threats isn\'t something they usually teach in University Computer Science departments. This is good news for anyone looking for a new career in IT; you won\'t need to spend four years in college classes to make a nice living.',1,'items/1.jpg',NULL,NULL),(104,20,'Test Item','Testing Items','Despite the growing frequency of corporate data breaches, ransomware, and internet-crippling DDOS attacks, white hats capable of mitigating the damage are in short supply. But with enough training, anyone can become an ethical hacker—after all, actual experience dealing with threats isn\'t something they usually teach in University Computer Science departments. This is good news for anyone looking for a new career in IT; you won\'t need to spend four years in college classes to make a nice living.',1,'items/1.jpg',NULL,NULL),(105,20,'Test Item','Testing Items','Despite the growing frequency of corporate data breaches, ransomware, and internet-crippling DDOS attacks, white hats capable of mitigating the damage are in short supply. But with enough training, anyone can become an ethical hacker—after all, actual experience dealing with threats isn\'t something they usually teach in University Computer Science departments. This is good news for anyone looking for a new career in IT; you won\'t need to spend four years in college classes to make a nice living.',1,'items/1.jpg',NULL,NULL),(106,20,'Test Item','Testing Items','Despite the growing frequency of corporate data breaches, ransomware, and internet-crippling DDOS attacks, white hats capable of mitigating the damage are in short supply. But with enough training, anyone can become an ethical hacker—after all, actual experience dealing with threats isn\'t something they usually teach in University Computer Science departments. This is good news for anyone looking for a new career in IT; you won\'t need to spend four years in college classes to make a nice living.',1,'items/1.jpg',NULL,NULL),(107,20,'Test Item','Testing Items','Despite the growing frequency of corporate data breaches, ransomware, and internet-crippling DDOS attacks, white hats capable of mitigating the damage are in short supply. But with enough training, anyone can become an ethical hacker—after all, actual experience dealing with threats isn\'t something they usually teach in University Computer Science departments. This is good news for anyone looking for a new career in IT; you won\'t need to spend four years in college classes to make a nice living.',1,'items/1.jpg',NULL,NULL),(108,20,'Test Item','Testing Items','Despite the growing frequency of corporate data breaches, ransomware, and internet-crippling DDOS attacks, white hats capable of mitigating the damage are in short supply. But with enough training, anyone can become an ethical hacker—after all, actual experience dealing with threats isn\'t something they usually teach in University Computer Science departments. This is good news for anyone looking for a new career in IT; you won\'t need to spend four years in college classes to make a nice living.',1,'items/1.jpg',NULL,NULL),(109,20,'Test Item','Testing Items','Despite the growing frequency of corporate data breaches, ransomware, and internet-crippling DDOS attacks, white hats capable of mitigating the damage are in short supply. But with enough training, anyone can become an ethical hacker—after all, actual experience dealing with threats isn\'t something they usually teach in University Computer Science departments. This is good news for anyone looking for a new career in IT; you won\'t need to spend four years in college classes to make a nice living.',1,'items/1.jpg',NULL,NULL),(110,20,'Test Item','Testing Items','Despite the growing frequency of corporate data breaches, ransomware, and internet-crippling DDOS attacks, white hats capable of mitigating the damage are in short supply. But with enough training, anyone can become an ethical hacker—after all, actual experience dealing with threats isn\'t something they usually teach in University Computer Science departments. This is good news for anyone looking for a new career in IT; you won\'t need to spend four years in college classes to make a nice living.',1,'items/1.jpg',NULL,NULL),(111,20,'Test Item','Testing Items','Despite the growing frequency of corporate data breaches, ransomware, and internet-crippling DDOS attacks, white hats capable of mitigating the damage are in short supply. But with enough training, anyone can become an ethical hacker—after all, actual experience dealing with threats isn\'t something they usually teach in University Computer Science departments. This is good news for anyone looking for a new career in IT; you won\'t need to spend four years in college classes to make a nice living.',1,'items/1.jpg',NULL,NULL),(112,20,'Test Item','Testing Items','Despite the growing frequency of corporate data breaches, ransomware, and internet-crippling DDOS attacks, white hats capable of mitigating the damage are in short supply. But with enough training, anyone can become an ethical hacker—after all, actual experience dealing with threats isn\'t something they usually teach in University Computer Science departments. This is good news for anyone looking for a new career in IT; you won\'t need to spend four years in college classes to make a nice living.',1,'items/1.jpg',NULL,NULL),(113,20,'Test Item','Testing Items','Despite the growing frequency of corporate data breaches, ransomware, and internet-crippling DDOS attacks, white hats capable of mitigating the damage are in short supply. But with enough training, anyone can become an ethical hacker—after all, actual experience dealing with threats isn\'t something they usually teach in University Computer Science departments. This is good news for anyone looking for a new career in IT; you won\'t need to spend four years in college classes to make a nice living.',1,'items/1.jpg',NULL,NULL),(114,20,'Test Item','Testing Items','Despite the growing frequency of corporate data breaches, ransomware, and internet-crippling DDOS attacks, white hats capable of mitigating the damage are in short supply. But with enough training, anyone can become an ethical hacker—after all, actual experience dealing with threats isn\'t something they usually teach in University Computer Science departments. This is good news for anyone looking for a new career in IT; you won\'t need to spend four years in college classes to make a nice living.',1,'items/1.jpg',NULL,NULL),(115,20,'Test Item','Testing Items','Despite the growing frequency of corporate data breaches, ransomware, and internet-crippling DDOS attacks, white hats capable of mitigating the damage are in short supply. But with enough training, anyone can become an ethical hacker—after all, actual experience dealing with threats isn\'t something they usually teach in University Computer Science departments. This is good news for anyone looking for a new career in IT; you won\'t need to spend four years in college classes to make a nice living.',1,'items/1.jpg',NULL,NULL),(116,20,'Test Item','Testing Items','Despite the growing frequency of corporate data breaches, ransomware, and internet-crippling DDOS attacks, white hats capable of mitigating the damage are in short supply. But with enough training, anyone can become an ethical hacker—after all, actual experience dealing with threats isn\'t something they usually teach in University Computer Science departments. This is good news for anyone looking for a new career in IT; you won\'t need to spend four years in college classes to make a nice living.',1,'items/1.jpg',NULL,NULL),(117,20,'Test Item','Testing Items','Despite the growing frequency of corporate data breaches, ransomware, and internet-crippling DDOS attacks, white hats capable of mitigating the damage are in short supply. But with enough training, anyone can become an ethical hacker—after all, actual experience dealing with threats isn\'t something they usually teach in University Computer Science departments. This is good news for anyone looking for a new career in IT; you won\'t need to spend four years in college classes to make a nice living.',1,'items/1.jpg',NULL,NULL),(118,20,'Test Item','Testing Items','Despite the growing frequency of corporate data breaches, ransomware, and internet-crippling DDOS attacks, white hats capable of mitigating the damage are in short supply. But with enough training, anyone can become an ethical hacker—after all, actual experience dealing with threats isn\'t something they usually teach in University Computer Science departments. This is good news for anyone looking for a new career in IT; you won\'t need to spend four years in college classes to make a nice living.',1,'items/1.jpg',NULL,NULL),(119,20,'Test Item','Testing Items','Despite the growing frequency of corporate data breaches, ransomware, and internet-crippling DDOS attacks, white hats capable of mitigating the damage are in short supply. But with enough training, anyone can become an ethical hacker—after all, actual experience dealing with threats isn\'t something they usually teach in University Computer Science departments. This is good news for anyone looking for a new career in IT; you won\'t need to spend four years in college classes to make a nice living.',1,'items/1.jpg',NULL,NULL),(120,16,'Test Item','Testing Items','Despite the growing frequency of corporate data breaches, ransomware, and internet-crippling DDOS attacks, white hats capable of mitigating the damage are in short supply. But with enough training, anyone can become an ethical hacker—after all, actual experience dealing with threats isn\'t something they usually teach in University Computer Science departments. This is good news for anyone looking for a new career in IT; you won\'t need to spend four years in college classes to make a nice living.',1,'items/1.jpg',NULL,NULL),(121,21,'Test Item','Testing Items','Despite the growing frequency of corporate data breaches, ransomware, and internet-crippling DDOS attacks, white hats capable of mitigating the damage are in short supply. But with enough training, anyone can become an ethical hacker—after all, actual experience dealing with threats isn\'t something they usually teach in University Computer Science departments. This is good news for anyone looking for a new career in IT; you won\'t need to spend four years in college classes to make a nice living.',1,'items/1.jpg',NULL,NULL),(122,21,'Test Item','Testing Items','Despite the growing frequency of corporate data breaches, ransomware, and internet-crippling DDOS attacks, white hats capable of mitigating the damage are in short supply. But with enough training, anyone can become an ethical hacker—after all, actual experience dealing with threats isn\'t something they usually teach in University Computer Science departments. This is good news for anyone looking for a new career in IT; you won\'t need to spend four years in college classes to make a nice living.',1,'items/1.jpg',NULL,NULL),(123,21,'Test Item','Testing Items','Despite the growing frequency of corporate data breaches, ransomware, and internet-crippling DDOS attacks, white hats capable of mitigating the damage are in short supply. But with enough training, anyone can become an ethical hacker—after all, actual experience dealing with threats isn\'t something they usually teach in University Computer Science departments. This is good news for anyone looking for a new career in IT; you won\'t need to spend four years in college classes to make a nice living.',1,'items/1.jpg',NULL,NULL),(124,21,'Test Item','Testing Items','Despite the growing frequency of corporate data breaches, ransomware, and internet-crippling DDOS attacks, white hats capable of mitigating the damage are in short supply. But with enough training, anyone can become an ethical hacker—after all, actual experience dealing with threats isn\'t something they usually teach in University Computer Science departments. This is good news for anyone looking for a new career in IT; you won\'t need to spend four years in college classes to make a nice living.',1,'items/1.jpg',NULL,NULL),(125,21,'Test Item','Testing Items','Despite the growing frequency of corporate data breaches, ransomware, and internet-crippling DDOS attacks, white hats capable of mitigating the damage are in short supply. But with enough training, anyone can become an ethical hacker—after all, actual experience dealing with threats isn\'t something they usually teach in University Computer Science departments. This is good news for anyone looking for a new career in IT; you won\'t need to spend four years in college classes to make a nice living.',1,'items/1.jpg',NULL,NULL),(126,21,'Test Item','Testing Items','Despite the growing frequency of corporate data breaches, ransomware, and internet-crippling DDOS attacks, white hats capable of mitigating the damage are in short supply. But with enough training, anyone can become an ethical hacker—after all, actual experience dealing with threats isn\'t something they usually teach in University Computer Science departments. This is good news for anyone looking for a new career in IT; you won\'t need to spend four years in college classes to make a nice living.',1,'items/1.jpg',NULL,NULL),(127,21,'Test Item','Testing Items','Despite the growing frequency of corporate data breaches, ransomware, and internet-crippling DDOS attacks, white hats capable of mitigating the damage are in short supply. But with enough training, anyone can become an ethical hacker—after all, actual experience dealing with threats isn\'t something they usually teach in University Computer Science departments. This is good news for anyone looking for a new career in IT; you won\'t need to spend four years in college classes to make a nice living.',1,'items/1.jpg',NULL,NULL),(128,21,'Test Item','Testing Items','Despite the growing frequency of corporate data breaches, ransomware, and internet-crippling DDOS attacks, white hats capable of mitigating the damage are in short supply. But with enough training, anyone can become an ethical hacker—after all, actual experience dealing with threats isn\'t something they usually teach in University Computer Science departments. This is good news for anyone looking for a new career in IT; you won\'t need to spend four years in college classes to make a nice living.',1,'items/1.jpg',NULL,NULL),(129,21,'Test Item','Testing Items','Despite the growing frequency of corporate data breaches, ransomware, and internet-crippling DDOS attacks, white hats capable of mitigating the damage are in short supply. But with enough training, anyone can become an ethical hacker—after all, actual experience dealing with threats isn\'t something they usually teach in University Computer Science departments. This is good news for anyone looking for a new career in IT; you won\'t need to spend four years in college classes to make a nice living.',1,'items/1.jpg',NULL,NULL),(130,21,'Test Item','Testing Items','Despite the growing frequency of corporate data breaches, ransomware, and internet-crippling DDOS attacks, white hats capable of mitigating the damage are in short supply. But with enough training, anyone can become an ethical hacker—after all, actual experience dealing with threats isn\'t something they usually teach in University Computer Science departments. This is good news for anyone looking for a new career in IT; you won\'t need to spend four years in college classes to make a nice living.',1,'items/1.jpg',NULL,NULL),(131,22,'Test Item','Testing Items','Despite the growing frequency of corporate data breaches, ransomware, and internet-crippling DDOS attacks, white hats capable of mitigating the damage are in short supply. But with enough training, anyone can become an ethical hacker—after all, actual experience dealing with threats isn\'t something they usually teach in University Computer Science departments. This is good news for anyone looking for a new career in IT; you won\'t need to spend four years in college classes to make a nice living.',1,'items/1.jpg',NULL,NULL),(132,22,'Test Item','Testing Items','Despite the growing frequency of corporate data breaches, ransomware, and internet-crippling DDOS attacks, white hats capable of mitigating the damage are in short supply. But with enough training, anyone can become an ethical hacker—after all, actual experience dealing with threats isn\'t something they usually teach in University Computer Science departments. This is good news for anyone looking for a new career in IT; you won\'t need to spend four years in college classes to make a nice living.',1,'items/1.jpg',NULL,NULL),(133,22,'Test Item','Testing Items','Despite the growing frequency of corporate data breaches, ransomware, and internet-crippling DDOS attacks, white hats capable of mitigating the damage are in short supply. But with enough training, anyone can become an ethical hacker—after all, actual experience dealing with threats isn\'t something they usually teach in University Computer Science departments. This is good news for anyone looking for a new career in IT; you won\'t need to spend four years in college classes to make a nice living.',1,'items/1.jpg',NULL,NULL),(134,22,'Test Item','Testing Items','Despite the growing frequency of corporate data breaches, ransomware, and internet-crippling DDOS attacks, white hats capable of mitigating the damage are in short supply. But with enough training, anyone can become an ethical hacker—after all, actual experience dealing with threats isn\'t something they usually teach in University Computer Science departments. This is good news for anyone looking for a new career in IT; you won\'t need to spend four years in college classes to make a nice living.',1,'items/1.jpg',NULL,NULL),(135,22,'Test Item','Testing Items','Despite the growing frequency of corporate data breaches, ransomware, and internet-crippling DDOS attacks, white hats capable of mitigating the damage are in short supply. But with enough training, anyone can become an ethical hacker—after all, actual experience dealing with threats isn\'t something they usually teach in University Computer Science departments. This is good news for anyone looking for a new career in IT; you won\'t need to spend four years in college classes to make a nice living.',1,'items/1.jpg',NULL,NULL),(136,22,'Test Item','Testing Items','Despite the growing frequency of corporate data breaches, ransomware, and internet-crippling DDOS attacks, white hats capable of mitigating the damage are in short supply. But with enough training, anyone can become an ethical hacker—after all, actual experience dealing with threats isn\'t something they usually teach in University Computer Science departments. This is good news for anyone looking for a new career in IT; you won\'t need to spend four years in college classes to make a nice living.',1,'items/1.jpg',NULL,NULL),(137,22,'Test Item','Testing Items','Despite the growing frequency of corporate data breaches, ransomware, and internet-crippling DDOS attacks, white hats capable of mitigating the damage are in short supply. But with enough training, anyone can become an ethical hacker—after all, actual experience dealing with threats isn\'t something they usually teach in University Computer Science departments. This is good news for anyone looking for a new career in IT; you won\'t need to spend four years in college classes to make a nice living.',1,'items/1.jpg',NULL,NULL),(138,22,'Test Item','Testing Items','Despite the growing frequency of corporate data breaches, ransomware, and internet-crippling DDOS attacks, white hats capable of mitigating the damage are in short supply. But with enough training, anyone can become an ethical hacker—after all, actual experience dealing with threats isn\'t something they usually teach in University Computer Science departments. This is good news for anyone looking for a new career in IT; you won\'t need to spend four years in college classes to make a nice living.',1,'items/1.jpg',NULL,NULL),(139,22,'Test Item','Testing Items','Despite the growing frequency of corporate data breaches, ransomware, and internet-crippling DDOS attacks, white hats capable of mitigating the damage are in short supply. But with enough training, anyone can become an ethical hacker—after all, actual experience dealing with threats isn\'t something they usually teach in University Computer Science departments. This is good news for anyone looking for a new career in IT; you won\'t need to spend four years in college classes to make a nice living.',1,'items/1.jpg',NULL,NULL),(140,22,'Test Item','Testing Items','Despite the growing frequency of corporate data breaches, ransomware, and internet-crippling DDOS attacks, white hats capable of mitigating the damage are in short supply. But with enough training, anyone can become an ethical hacker—after all, actual experience dealing with threats isn\'t something they usually teach in University Computer Science departments. This is good news for anyone looking for a new career in IT; you won\'t need to spend four years in college classes to make a nice living.',1,'items/1.jpg',NULL,NULL),(141,23,'Test Item','Testing Items','Despite the growing frequency of corporate data breaches, ransomware, and internet-crippling DDOS attacks, white hats capable of mitigating the damage are in short supply. But with enough training, anyone can become an ethical hacker—after all, actual experience dealing with threats isn\'t something they usually teach in University Computer Science departments. This is good news for anyone looking for a new career in IT; you won\'t need to spend four years in college classes to make a nice living.',1,'items/1.jpg',NULL,NULL),(142,23,'Test Item','Testing Items','Despite the growing frequency of corporate data breaches, ransomware, and internet-crippling DDOS attacks, white hats capable of mitigating the damage are in short supply. But with enough training, anyone can become an ethical hacker—after all, actual experience dealing with threats isn\'t something they usually teach in University Computer Science departments. This is good news for anyone looking for a new career in IT; you won\'t need to spend four years in college classes to make a nice living.',1,'items/1.jpg',NULL,NULL),(143,23,'Test Item','Testing Items','Despite the growing frequency of corporate data breaches, ransomware, and internet-crippling DDOS attacks, white hats capable of mitigating the damage are in short supply. But with enough training, anyone can become an ethical hacker—after all, actual experience dealing with threats isn\'t something they usually teach in University Computer Science departments. This is good news for anyone looking for a new career in IT; you won\'t need to spend four years in college classes to make a nice living.',1,'items/1.jpg',NULL,NULL),(144,23,'Test Item','Testing Items','Despite the growing frequency of corporate data breaches, ransomware, and internet-crippling DDOS attacks, white hats capable of mitigating the damage are in short supply. But with enough training, anyone can become an ethical hacker—after all, actual experience dealing with threats isn\'t something they usually teach in University Computer Science departments. This is good news for anyone looking for a new career in IT; you won\'t need to spend four years in college classes to make a nice living.',1,'items/1.jpg',NULL,NULL),(145,23,'Test Item','Testing Items','Despite the growing frequency of corporate data breaches, ransomware, and internet-crippling DDOS attacks, white hats capable of mitigating the damage are in short supply. But with enough training, anyone can become an ethical hacker—after all, actual experience dealing with threats isn\'t something they usually teach in University Computer Science departments. This is good news for anyone looking for a new career in IT; you won\'t need to spend four years in college classes to make a nice living.',1,'items/1.jpg',NULL,NULL),(146,23,'Test Item','Testing Items','Despite the growing frequency of corporate data breaches, ransomware, and internet-crippling DDOS attacks, white hats capable of mitigating the damage are in short supply. But with enough training, anyone can become an ethical hacker—after all, actual experience dealing with threats isn\'t something they usually teach in University Computer Science departments. This is good news for anyone looking for a new career in IT; you won\'t need to spend four years in college classes to make a nice living.',1,'items/1.jpg',NULL,NULL),(147,23,'Test Item','Testing Items','Despite the growing frequency of corporate data breaches, ransomware, and internet-crippling DDOS attacks, white hats capable of mitigating the damage are in short supply. But with enough training, anyone can become an ethical hacker—after all, actual experience dealing with threats isn\'t something they usually teach in University Computer Science departments. This is good news for anyone looking for a new career in IT; you won\'t need to spend four years in college classes to make a nice living.',1,'items/1.jpg',NULL,NULL),(148,23,'Test Item','Testing Items','Despite the growing frequency of corporate data breaches, ransomware, and internet-crippling DDOS attacks, white hats capable of mitigating the damage are in short supply. But with enough training, anyone can become an ethical hacker—after all, actual experience dealing with threats isn\'t something they usually teach in University Computer Science departments. This is good news for anyone looking for a new career in IT; you won\'t need to spend four years in college classes to make a nice living.',1,'items/1.jpg',NULL,NULL),(149,23,'Test Item','Testing Items','Despite the growing frequency of corporate data breaches, ransomware, and internet-crippling DDOS attacks, white hats capable of mitigating the damage are in short supply. But with enough training, anyone can become an ethical hacker—after all, actual experience dealing with threats isn\'t something they usually teach in University Computer Science departments. This is good news for anyone looking for a new career in IT; you won\'t need to spend four years in college classes to make a nice living.',1,'items/1.jpg',NULL,NULL),(150,23,'Test Item','Testing Items','Despite the growing frequency of corporate data breaches, ransomware, and internet-crippling DDOS attacks, white hats capable of mitigating the damage are in short supply. But with enough training, anyone can become an ethical hacker—after all, actual experience dealing with threats isn\'t something they usually teach in University Computer Science departments. This is good news for anyone looking for a new career in IT; you won\'t need to spend four years in college classes to make a nice living.',1,'items/1.jpg',NULL,NULL),(151,23,'Test Item','Testing Items','Despite the growing frequency of corporate data breaches, ransomware, and internet-crippling DDOS attacks, white hats capable of mitigating the damage are in short supply. But with enough training, anyone can become an ethical hacker—after all, actual experience dealing with threats isn\'t something they usually teach in University Computer Science departments. This is good news for anyone looking for a new career in IT; you won\'t need to spend four years in college classes to make a nice living.',1,'items/1.jpg',NULL,NULL);

/*Table structure for table `migrations` */

DROP TABLE IF EXISTS `migrations`;

CREATE TABLE `migrations` (
  `id` int(10) unsigned NOT NULL AUTO_INCREMENT,
  `migration` varchar(255) COLLATE utf8mb4_unicode_ci NOT NULL,
  `batch` int(11) NOT NULL,
  PRIMARY KEY (`id`)
) ENGINE=InnoDB AUTO_INCREMENT=5 DEFAULT CHARSET=utf8mb4 COLLATE=utf8mb4_unicode_ci;

/*Data for the table `migrations` */

insert  into `migrations`(`id`,`migration`,`batch`) values (1,'2014_10_12_000000_create_users_table',1),(2,'2014_10_12_100000_create_password_resets_table',1),(3,'2017_08_10_151843_create_categories_table',1),(4,'2017_08_13_155853_create_items_table',2);

/*Table structure for table `password_resets` */

DROP TABLE IF EXISTS `password_resets`;

CREATE TABLE `password_resets` (
  `email` varchar(255) COLLATE utf8mb4_unicode_ci NOT NULL,
  `token` varchar(255) COLLATE utf8mb4_unicode_ci NOT NULL,
  `created_at` timestamp NULL DEFAULT NULL,
  KEY `password_resets_email_index` (`email`)
) ENGINE=InnoDB DEFAULT CHARSET=utf8mb4 COLLATE=utf8mb4_unicode_ci;

/*Data for the table `password_resets` */

/*Table structure for table `users` */

DROP TABLE IF EXISTS `users`;

CREATE TABLE `users` (
  `id` int(10) unsigned NOT NULL AUTO_INCREMENT,
  `name` varchar(255) COLLATE utf8mb4_unicode_ci NOT NULL,
  `email` varchar(255) COLLATE utf8mb4_unicode_ci NOT NULL,
  `password` varchar(255) COLLATE utf8mb4_unicode_ci NOT NULL,
  `remember_token` varchar(100) COLLATE utf8mb4_unicode_ci DEFAULT NULL,
  `created_at` timestamp NULL DEFAULT NULL,
  `updated_at` timestamp NULL DEFAULT NULL,
  PRIMARY KEY (`id`),
  UNIQUE KEY `users_email_unique` (`email`)
) ENGINE=InnoDB AUTO_INCREMENT=2 DEFAULT CHARSET=utf8mb4 COLLATE=utf8mb4_unicode_ci;

/*Data for the table `users` */

insert  into `users`(`id`,`name`,`email`,`password`,`remember_token`,`created_at`,`updated_at`) values (1,'Altaf Ahmed','altaf.ahmed@nerdsinn.com','$2y$10$suMVDIH2Br93lWDi8zoTCe7dFeW7LFcE/.jNPFvgVP8p7zbG/4LhK','vCNz7i0dZQSysjLqtlxO2lJn2q3SNrsmQAkwlvLMmubVatEjcuJZnI7x9yLT','2017-08-10 15:38:09','2017-08-10 15:38:09');

/*!40101 SET SQL_MODE=@OLD_SQL_MODE */;
/*!40014 SET FOREIGN_KEY_CHECKS=@OLD_FOREIGN_KEY_CHECKS */;
/*!40014 SET UNIQUE_CHECKS=@OLD_UNIQUE_CHECKS */;
/*!40111 SET SQL_NOTES=@OLD_SQL_NOTES */;
